{
                      "Objects": [
{
                    "name": "PumpkinHelmet",
                    "pos": [
                    3326.430999466149,
                    247.68670899999998,
                    4909.206617880647
                  ],
                    "ypr": [
                    286.717,
                    -89.873322,
                    89.999992
                    ],
                    "scale": 0.999997,
                    "enableCEPersistency": false
                },
{
                    "name": "PumpkinHelmet",
                    "pos": [
                    3359.5709994661493,
                    249.893709,
                    4927.766617880648
                  ],
                    "ypr": [
                    286.717,
                    -89.873322,
                    89.999992
                    ],
                    "scale": 0.999997,
                    "enableCEPersistency": false
                },
{
                    "name": "PumpkinHelmet",
                    "pos": [
                    3391.767474479277,
                    251.570709,
                    4902.4616141029
                  ],
                    "ypr": [
                    266.7173,
                    -89.873322,
                    89.999992
                    ],
                    "scale": 0.999997,
                    "enableCEPersistency": false
                },
{
                    "name": "PumpkinHelmet",
                    "pos": [
                    3421.3224643139542,
                    253.482709,
                    4929.230110827562
                  ],
                    "ypr": [
                    41.716999999999985,
                    -89.873322,
                    89.999992
                    ],
                    "scale": 0.999997,
                    "enableCEPersistency": false
                }
			]
            }