{
                      "Objects": [
{
                    "name": "PumpkinHelmet",
                    "pos": [
                    13008.685308952656,
                    14.706291999999978,
                    8224.432229594395
                  ],
                    "ypr": [
                    170.553,
                    -90,
                    -90
                    ],
                    "scale": 0.999961,
                    "enableCEPersistency": false
                },
{
                    "name": "PumpkinHelmet",
                    "pos": [
                    12985.963926810697,
                    14.768591999999979,
                    8315.760185703915
                  ],
                    "ypr": [
                    176.254,
                    -90,
                    -90
                    ],
                    "scale": 0.999961,
                    "enableCEPersistency": false
                },
{
                    "name": "PumpkinHelmet",
                    "pos": [
                    13041.272793729084,
                    14.496291999999979,
                    8032.189192568841
                  ],
                    "ypr": [
                    353.34134,
                    -90,
                    -90
                    ],
                    "scale": 0.999961,
                    "enableCEPersistency": false
                },
{
                    "name": "PumpkinHelmet",
                    "pos": [
                    13033.14243447181,
                    14.444501999999979,
                    8124.9639362365015
                  ],
                    "ypr": [
                    0.914502,
                    -90,
                    -90
                    ],
                    "scale": 0.999961,
                    "enableCEPersistency": false
                }
			]
            }