{
                      "Objects": [
{
                    "name": "PumpkinHelmet",
                    "pos": [
                    2989.454015204381,
                    350.235192,
                    7450.42465095824
                  ],
                    "ypr": [
                    61.6833,
                    -90,
                    -90
                    ],
                    "scale": 0.999961,
                    "enableCEPersistency": false
                },
{
                    "name": "PumpkinHelmet",
                    "pos": [
                    3005.146098049597,
                    350.822192,
                    7456.26423524858
                  ],
                    "ypr": [
                    59.3458,
                    -90,
                    -90
                    ],
                    "scale": 0.999961,
                    "enableCEPersistency": false
                }
			]
            }