{
                      "Objects": [
{
                    "name": "Misc_Spotlight",
                    "pos": [
                    3326.3065756383085,
                    248.23390999999998,
                    4909.000290054857
                  ],
                    "ypr": [
                    286.716985,
                    0,
                    -179.999985
                    ],
                    "scale": 0.7,
                    "enableCEPersistency": false
                },
{
                    "name": "Misc_Spotlight",
                    "pos": [
                    3359.446575638309,
                    250.44091,
                    4927.560290054857
                  ],
                    "ypr": [
                    286.716985,
                    0,
                    -179.999985
                    ],
                    "scale": 0.7,
                    "enableCEPersistency": false
                },
{
                    "name": "Misc_Spotlight",
                    "pos": [
                    3391.721122392621,
                    252.11791,
                    4902.225173952562
                  ],
                    "ypr": [
                    266.717285,
                    0,
                    -179.999985
                    ],
                    "scale": 0.7,
                    "enableCEPersistency": false
                },
{
                    "name": "Misc_Spotlight",
                    "pos": [
                    3421.1880505335916,
                    254.02991,
                    4929.430074314925
                  ],
                    "ypr": [
                    41.71698500000002,
                    0,
                    -179.999985
                    ],
                    "scale": 0.7,
                    "enableCEPersistency": false
                }
			]
            }