{
                      "Objects": [
{
                    "name": "Misc_Spotlight",
                    "pos": [
                    12347.283957094685,
                    31.5534,
                    14371.850438803027
                  ],
                    "ypr": [
                    293.451015,
                    0,
                    -179.999985
                    ],
                    "scale": 0.779986,
                    "enableCEPersistency": false
                },
{
                    "name": "Misc_Spotlight",
                    "pos": [
                    12376.083957094686,
                    31.276,
                    14360.750438803027
                  ],
                    "ypr": [
                    293.451015,
                    0,
                    -179.999985
                    ],
                    "scale": 0.779986,
                    "enableCEPersistency": false
                }
			]
            }