{
                      "Objects": [
{
                    "name": "Misc_Spotlight",
                    "pos": [
                    3570.191184241107,
                    15.798300000000001,
                    2455.929078210148
                  ],
                    "ypr": [
                    68.15301499999998,
                    0,
                    -179.999985
                    ],
                    "scale": 0.7,
                    "enableCEPersistency": false
                },
{
                    "name": "Misc_Spotlight",
                    "pos": [
                    3657.6895688441764,
                    16.2311,
                    2484.3547174379123
                  ],
                    "ypr": [
                    74.52101499999998,
                    0,
                    -179.999985
                    ],
                    "scale": 0.7,
                    "enableCEPersistency": false
                },
{
                    "name": "Misc_Spotlight",
                    "pos": [
                    3488.7029563139054,
                    14.69173,
                    2416.2663941749406
                  ],
                    "ypr": [
                    250.37701499999997,
                    0,
                    -179.999985
                    ],
                    "scale": 0.779986,
                    "enableCEPersistency": false
                }
			]
            }