{
                      "Objects": [
{
                    "name": "Misc_Spotlight",
                    "pos": [
                    13008.616289977097,
                    15.132299999999999,
                    8224.490043723663
                  ],
                    "ypr": [
                    350.55301499999996,
                    0,
                    -179.999985
                    ],
                    "scale": 0.779986,
                    "enableCEPersistency": false
                },
{
                    "name": "Misc_Spotlight",
                    "pos": [
                    12985.900992865054,
                    15.1946,
                    8315.824570570274
                  ],
                    "ypr": [
                    356.254015,
                    0,
                    -179.999985
                    ],
                    "scale": 0.779986,
                    "enableCEPersistency": false
                },
{
                    "name": "Misc_Spotlight",
                    "pos": [
                    13041.338918044192,
                    14.9223,
                    8032.128088825243
                  ],
                    "ypr": [
                    173.341355,
                    0,
                    -179.999985
                    ],
                    "scale": 0.779986,
                    "enableCEPersistency": false
                },
{
                    "name": "Misc_Spotlight",
                    "pos": [
                    13033.199928974413,
                    14.87051,
                    8124.894650778428
                  ],
                    "ypr": [
                    180.914517,
                    0,
                    -179.999985
                    ],
                    "scale": 0.779986,
                    "enableCEPersistency": false
                }
			]
            }