{
                      "Objects": [
{
                    "name": "Misc_Spotlight",
                    "pos": [
                    2989.4216293876784,
                    350.66119999999995,
                    7450.340643509722
                  ],
                    "ypr": [
                    241.683315,
                    0,
                    -179.999985
                    ],
                    "scale": 0.779986,
                    "enableCEPersistency": false
                },
{
                    "name": "Misc_Spotlight",
                    "pos": [
                    3005.117165487871,
                    351.2482,
                    7456.1789768214185
                  ],
                    "ypr": [
                    239.345815,
                    0,
                    -179.999985
                    ],
                    "scale": 0.779986,
                    "enableCEPersistency": false
                }
			]
            }