{
                      "Objects": [
{
                    "name": "Misc_Spotlight",
                    "pos": [
                    2530.937728092815,
                    313.00491,
                    6345.097975198835
                  ],
                    "ypr": [
                    190.012585,
                    0,
                    -179.999985
                    ],
                    "scale": 0.7,
                    "enableCEPersistency": false
                },
{
                    "name": "Misc_Spotlight",
                    "pos": [
                    2532.351635556192,
                    318.58591,
                    6398.693890284072
                  ],
                    "ypr": [
                    173.880255,
                    0,
                    -179.999985
                    ],
                    "scale": 0.7,
                    "enableCEPersistency": false
                },
{
                    "name": "Misc_Spotlight",
                    "pos": [
                    2525.7164560583224,
                    322.73791,
                    6438.2623430526055
                  ],
                    "ypr": [
                    172.22540500000002,
                    0,
                    -179.999985
                    ],
                    "scale": 0.7,
                    "enableCEPersistency": false
                }
			]
            }