{
                      "Objects": [
{
                    "name": "Misc_Spotlight",
                    "pos": [
                    5197.198910910709,
                    378.0872,
                    5647.76803496016
                  ],
                    "ypr": [
                    59.088014999999984,
                    0,
                    -179.999985
                    ],
                    "scale": 0.779986,
                    "enableCEPersistency": false
                },
{
                    "name": "Misc_Spotlight",
                    "pos": [
                    5178.686206371737,
                    377.7512,
                    5683.1940988582655
                  ],
                    "ypr": [
                    325.94201499999997,
                    0,
                    -179.999985
                    ],
                    "scale": 0.779986,
                    "enableCEPersistency": false
                },
{
                    "name": "Misc_Spotlight",
                    "pos": [
                    5234.255875353912,
                    378.2372,
                    5670.595556973816
                  ],
                    "ypr": [
                    173.19061499999998,
                    0,
                    -179.999985
                    ],
                    "scale": 0.779986,
                    "enableCEPersistency": false
                }
			]
            }