{
                      "Objects": [
{
                    "name": "Misc_Spotlight",
                    "pos": [
                    4597.460308791616,
                    310.87519999999995,
                    6331.44508186272
                  ],
                    "ypr": [
                    62.90801499999998,
                    0,
                    -179.999985
                    ],
                    "scale": 0.779986,
                    "enableCEPersistency": false
                }
			]
            }