{
                      "Objects": [
{
                    "name": "PumpkinHelmet",
                    "pos": [
                    4597.426134846596,
                    310.4491919999999,
                    6331.361785800317
                  ],
                    "ypr": [
                    242.90800000000002,
                    -90,
                    -90
                    ],
                    "scale": 0.999961,
                    "enableCEPersistency": false
                }
			]
            }