{
                      "Objects": [
{
                    "name": "PumpkinHelmet",
                    "pos": [
                    12347.369987588801,
                    31.12739199999998,
                    14371.876987750506
                  ],
                    "ypr": [
                    113.451,
                    -90,
                    -90
                    ],
                    "scale": 0.999961,
                    "enableCEPersistency": false
                },
{
                    "name": "PumpkinHelmet",
                    "pos": [
                    12376.169987588803,
                    30.84999199999998,
                    14360.776987750505
                  ],
                    "ypr": [
                    113.451,
                    -90,
                    -90
                    ],
                    "scale": 0.999961,
                    "enableCEPersistency": false
                }
			]
            }