{
                      "Objects": [
{
                    "name": "PumpkinHelmet",
                    "pos": [
                    3570.129580752104,
                    15.259938000000005,
                    2455.8622954657626
                  ],
                    "ypr": [
                    248.15300000000002,
                    -90,
                    -90
                    ],
                    "scale": 0.999961,
                    "enableCEPersistency": false
                },
{
                    "name": "PumpkinHelmet",
                    "pos": [
                    3657.6209383134847,
                    15.692738000000006,
                    2484.295179424325
                  ],
                    "ypr": [
                    254.52100000000002,
                    -90,
                    -90
                    ],
                    "scale": 0.999961,
                    "enableCEPersistency": false
                },
{
                    "name": "PumpkinHelmet",
                    "pos": [
                    3488.7476679388574,
                    14.265721999999979,
                    2416.3445412358205
                  ],
                    "ypr": [
                    70.377,
                    -90,
                    -90
                    ],
                    "scale": 0.999961,
                    "enableCEPersistency": false
                }
			]
            }