{
                      "Objects": [
{
                    "name": "PumpkinHelmet",
                    "pos": [
                    4360.808952289195,
                    241.81170899999998,
                    4611.259083054022
                  ],
                    "ypr": [
                    162.0701,
                    -89.873322,
                    89.999992
                    ],
                    "scale": 0.999997,
                    "enableCEPersistency": false
                },
{
                    "name": "PumpkinHelmet",
                    "pos": [
                    4364.795850542772,
                    244.213709,
                    4687.258549209739
                  ],
                    "ypr": [
                    172.72143,
                    -89.873322,
                    89.999992
                    ],
                    "scale": 0.999997,
                    "enableCEPersistency": false
                },
{
                    "name": "PumpkinHelmet",
                    "pos": [
                    4409.476037866276,
                    245.771709,
                    4678.712103146293
                  ],
                    "ypr": [
                    291.26800000000003,
                    -89.873322,
                    89.999992
                    ],
                    "scale": 0.999997,
                    "enableCEPersistency": false
                }
			]
            }