{
                      "Objects": [
{
                    "name": "PumpkinHelmet",
                    "pos": [
                    2530.7182845709194,
                    312.457709,
                    6345.19745887251
                  ],
                    "ypr": [
                    190.0126,
                    -89.873322,
                    89.999992
                    ],
                    "scale": 0.999997,
                    "enableCEPersistency": false
                },
{
                    "name": "PumpkinHelmet",
                    "pos": [
                    2532.1131909752435,
                    318.03870900000004,
                    6398.7284828041575
                  ],
                    "ypr": [
                    173.88027,
                    -89.873322,
                    89.999992
                    ],
                    "scale": 0.999997,
                    "enableCEPersistency": false
                },
{
                    "name": "PumpkinHelmet",
                    "pos": [
                    2525.4771119195834,
                    322.19070899999997,
                    6438.290034998745
                  ],
                    "ypr": [
                    172.22541999999999,
                    -89.873322,
                    89.999992
                    ],
                    "scale": 0.999997,
                    "enableCEPersistency": false
                }
			]
            }